,꽃,월,계절,꽃말,색상,꽃1,꽃2
0,각시붓꽃,3,봄,"부끄러움, 세련됨",보라,문스톤 장미,스카비오사
1,감국,10,가을,그윽한 향기,노랑,산자고,로사넬라 장미
2,개나리,3,봄,"희망,깊은 정, 달성",노랑,블랙뷰티 장미,수선화
3,개나리,4,봄,희망,노랑,블랙뷰티 장미,수선화
4,갯개미취,9,가을,추억,보라,히야신스,수선화
5,거베라,10,가을,"신비, 수수께끼",분홍,벳시 카네이션,무스카리
6,검은포플라,1,겨울,용기,빨강,팬지,수선화
7,겹 공작초,9,가을,첫눈에 반함,보라,벚꽃,복숭아꽃
8,겹 과꽃,4,봄,나의 사랑은 당신보다깊다,보라,퀵샌드 장미,문골렘 카네이션
9,겹 소국,9,가을,청초,분홍,웨스트민스터 애비 장미,캔들라이트 장미
10,겹 수선화,4,봄,"자기애, 고결함",노랑,목련,사이다 장미
11,겹 스토크,10,가을,역경에도 변치 않는 사랑,분홍,염색 카네이션,딥실버 장미
12,겹 알스트로메리아,2,겨울,"새로운 만남, 배려",주황,미뉴에토 카네이션,군자란
13,겹 캄파눌라,3,봄,따뜻한 사람,보라,딥실버 장미,방울 스카비오사
14,겹 프릴 리시안셔스,7,여름,변치않는 사랑,분홍,벳시 카네이션,무스카리
15,겹 해바라기,7,여름,"숭배, 동경",주황,버드푸드,캘리포니아퍼피
16,겹벗꽃,5,봄,"정숙,단아함",보라,웨스트민스터 애비 장미,피콜리니 거베라
17,겹복숭아 꽃,4,봄,"풍요, 행복",빨강,캔들라이트 장미,레이스플라워
18,겹설유화,3,봄,애교,초록,팬지,맥문동
19,겹튤립,4,봄,"영원한 애정, 매혹",주황,팬지,닭의장풀
20,겹헬레보러스,11,가을,불안함을 진정시켜주세요,빨강,아스틸베,페어플로우 장미
21,계란 소국,9,가을,밝은 마음,노랑,나무딸기꽃,프루테토 장미
22,골담초,2,겨울,"청초, 겸손",노랑,피치팡팡 장미,볼레로 카네이션
23,골드트렌드셋터 장미,6,여름,"우정, 완벽한 성취",노랑,팬지,미니 거베라
24,골드핀치 장미,6,여름,"우정, 완벽한 성취",노랑,버드푸드,캘리포니아퍼피
25,골든게이트 카네이션,6,여름,존경,노랑,써니 코마치 카네이션,계란 소국
26,골든로드,8,여름,경계,노랑,팬지,미니 거베라
27,골든볼,5,봄,"충실, 견고",노랑,블랙뷰티 장미,흰색동백
28,골디 카네이션,6,여름,존경,주황,목련,프루테토 장미
29,골렘 카네이션,6,여름,존경,분홍,핑크플로이드 장미,복주머니란(개불알꽃)
30,공작초,9,가을,"첫눈에 반함, 상상력",보라,벚꽃,복숭아꽃
31,과꽃,4,봄,믿음직한 사랑,보라,팬지,쑥부쟁이
32,과꽃,7,여름,"믿는 사랑, 추억",보라,팬지,쑥부쟁이
33,과꽃,9,가을,믿는 마음,보라,팬지,쑥부쟁이
34,과꽃,11,가을,추억,보라,팬지,쑥부쟁이
35,괭이눈,1,겨울,순간의 아름다움,노랑,피치팡팡 장미,볼레로 카네이션
36,괭이밥,5,봄,빛나는 마음,초록,버드푸드,캘리포니아퍼피
37,괭이밥(옥살리스),10,가을,당신을 버리지 않음,노랑,논냉이,맥문동
38,구절초,10,가을,가을 여인,보라,팬지,센토레아(수레국화)
39,구즈마니아,11,가을,만족,빨강,쉼머 장미,염색 튤립
40,국화,9,가을,"청결, 정조, 순결",흰색,초롱꽃,레이스플라워
41,국화,11,가을,"청결, 정조, 순결",흰색,초롱꽃,레이스플라워
42,국화,11,가을,"청결, 정조, 순결",흰색,초롱꽃,레이스플라워
43,국화,11,가을,"청결, 정조, 순결",흰색,초롱꽃,레이스플라워
44,국화,11,가을,"청결, 정조, 순결",흰색,초롱꽃,레이스플라워
45,국화,11,가을,"청결, 정조, 순결",흰색,초롱꽃,레이스플라워
46,국화,11,가을,"청결, 정조, 순결",흰색,초롱꽃,레이스플라워
47,군자란,1,겨울,고귀,주황,미뉴에토 카네이션,겹 알스트로메리아
48,굿무드 장미,6,여름,나의 마음 그대만이 아네,노랑,무스카리,맥문동
49,귀고리꽃,5,봄,열렬한 마음,빨강,레이스플라워,오리엔탈 백합
50,그린벨,6,여름,거짓 사랑,초록,패모,레드팬써 장미
51,글라디올러스,3,봄,"정열적인 사랑, 정열, 젊음, 승리",흰색,염색 카네이션,해오라비난초
52,글라디올러스,6,여름,"밀회, 조심",흰색,염색 카네이션,해오라비난초
53,글라디올러스,8,여름,"밀회, 조심",흰색,염색 카네이션,해오라비난초
54,글라디올러스,8,여름,"밀회, 조심",흰색,염색 카네이션,해오라비난초
55,글라디올러스,8,여름,"밀회, 조심",흰색,염색 카네이션,해오라비난초
56,글라디올러스,8,여름,"밀회, 조심",흰색,염색 카네이션,해오라비난초
57,글로리오사,6,여름,광명,빨강,브루트 카네이션,카우보이 카네이션
58,글록시니아,8,여름,"아양, 미태",빨강,익시아,패모
59,금강초롱,9,가을,"각시와 신랑, 청사초롱",보라,블랙뷰티 장미,팬지
60,금낭화,5,봄,당신을 따를게요,분홍,무릇,큐트 카네이션
61,금수 소국,9,가을,밝은 마음,노랑,팬지,미니 거베라
62,금어초,5,봄,욕망,노랑,피치팡팡 장미,볼레로 카네이션
63,금어초,7,여름,욕망,노랑,피치팡팡 장미,볼레로 카네이션
64,금어초,7,여름,"수다쟁이, 참견",분홍,겹헬레보러스,페어플로우 장미
65,금작화,3,봄,청초,노랑,팬지,미니 거베라
66,금작화,4,봄,박애,노랑,팬지,다알리아
67,금잔화,5,봄,이별의 슬픔,노랑,노랑수선화,캘리포니아퍼피
68,금잔화,8,여름,이별의 슬픔,노랑,노랑수선화,캘리포니아퍼피
69,금잔화,10,가을,이별의 슬픔,노랑,노랑수선화,캘리포니아퍼피
70,금잔화,10,가을,이별의 슬픔,노랑,노랑수선화,캘리포니아퍼피
71,금잔화,10,가을,이별의 슬픔,노랑,노랑수선화,캘리포니아퍼피
72,금잔화,10,가을,이별의 슬픔,노랑,노랑수선화,캘리포니아퍼피
73,금잔화,10,가을,이별의 슬픔,노랑,노랑수선화,캘리포니아퍼피
74,까실쑥부쟁이,11,가을,공훈,보라,히야신스,은방울꽃
75,까실쑥부쟁이,12,겨울,애국심,파랑,스노우플레이크,카모밀레
76,깽깽이풀,2,겨울,안심하세요,보라,쥐꼬리망초,매화
77,꼬리조팝나무꽃,6,여름,은밀한 사랑,분홍,실바핑크 장미,맥문동
78,꽃 아로니아,4,봄,영원한 사랑,노랑,퀵샌드 장미,알테어 카네이션
79,꽃 영춘화,4,봄,사모하는 마음,노랑,블랙뷰티 장미,꽃아그배나무꽃
80,꽃고비,4,봄,와 주세요,파랑,수국,옥시페탈룸
81,꽃담배,8,여름,그대있어 외롭지 않네,흰색,복숭아꽃,바람꽃
82,꽃동백,12,겨울,누구보다 그대를 사랑해요,빨강,익시아,패모
83,꽃무릇(석산),9,가을,참사랑,빨강,팬지,월귤
84,꽃베고니아,4,봄,"친절, 정중",노랑,퀵샌드 장미,알테어 카네이션
85,꽃아그배나무꽃,10,가을,산뜻한 미소,흰색,복숭아꽃,바람꽃
86,꽃아까시나무꽃,5,봄,단결,파랑,센토레아(수레국화),산수국
87,꽃아카시아나무꽃,3,봄,품위,분홍,자나 장미,큐트 카네이션
88,꽃양귀비,7,여름,위안,빨강,팬지,꽃아그배나무꽃
89,꽃창포,6,여름,"우아한 마음, 좋은 소식",보라,팬지,쑥부쟁이
90,꽃향유,11,가을,"조숙, 성숙",보라,펠리시티 장미,오리엔탈 백합
91,꽈리,9,가을,거짓,초록,팬지,맥문동
92,나도풍란,1,겨울,인내,흰색,레이스플라워,카모밀레
93,나무딸기꽃,3,봄,애정,초록,프루테토 장미,염색 수국
94,나팔 백합,11,가을,"순결, 위엄",흰색,블랙뷰티 장미,좀작살나무꽃
95,나팔꽃,7,여름,"풋사랑, 덧없는 사랑, 기쁨",보라,현호색,닭의장풀
96,나팔수선화,4,봄,존경,노랑,논냉이,맥문동
97,남산제비꽃,3,봄,풋향기 나는 가인,흰색,복숭아꽃,바람꽃
98,남천,2,겨울,지속적인 사랑,흰색,이응매,흰독말풀
99,납매,12,겨울,자애,노랑,논냉이,맥문동
100,냉이,2,겨울,나의 모든 것을 바칩니다.,흰색,블랙뷰티 장미,팬지
101,네리네,11,가을,다시 만날 그날까지,흰색,펠리시티 장미,왁스플라워
102,네모필라,2,겨울,애국심,파랑,흑종초,수국
103,노나 장미,6,여름,부드러운 마음,흰색,에린지움,아라비아의별
104,노단새,3,봄,행복,분홍,큐트 카네이션,오리엔탈 백합
105,노랑 히야신,1,겨울,승부,노랑,돌세토 장미,일세 장미
106,노랑무늬붓꽃,5,봄,절제된 아름다움,흰색,팬지,수선화
107,노랑붓꽃,6,여름,가엾은 애정,노랑,빨간국화,헬리옵시스
108,노랑수선화,1,겨울,사랑에 답하여,주황,버드푸드,캘리포니아퍼피
109,노랑어리연꽃,7,여름,수면의 요정,노랑,논냉이,맥문동
110,노랑장미,7,여름,아름다움,노랑,팬지,다알리아
111,노랑제비꽃,1,겨울,수줍은 사랑,노랑,노랑수선화,캘리포니아퍼피
112,노랑튤립,5,봄,사랑의 표시,노랑,피치팡팡 장미,볼레로 카네이션
113,노루귀,1,겨울,인내,파랑,제비고깔,수국
114,노루귀,3,봄,"위로, 인내",파랑,제비고깔,수국
115,노루발풀,3,봄,은인,빨강,매발톱꽃,레이첼 장미
116,노루오줌,5,봄,쑥스러움,분홍,좀작살나무꽃,알리움
117,노비아 카네이션,6,여름,존경,분홍,염색 카네이션,흰색장미
118,논냉이,4,봄,불타는 애정,흰색,쑥국화,맥문동
119,눈개쑥부쟁이,11,가을,찬사,보라,초롱꽃,아몬드
120,뉴페이스 장미,6,여름,"새로운 사랑, 열정",빨강,팬지,덴파레
121,능소화,8,여름,"여성, 명예",주황,목련,사이다 장미
122,니겔라,3,봄,꿈길의 애정,흰색,에린지움,아라비아의별
123,니콜 카네이션,6,여름,사랑과 존경,흰색,이응매,남천
124,다마스커스 카네이션,6,여름,존경,빨강,아라비아의별,굿무드 장미
125,다미나 카네이션,6,여름,존경,빨강,염색 수국,캔들라이트 장미
126,다알리아,8,여름,"감사, 우아",분홍,하마다 카네이션,세일러문 해바라기
127,다알리아,9,가을,"화려함, 감사",분홍,팬지,미니 거베라
128,다이아몬드 소국,9,가을,밝은 마음,흰색,레이스플라워,카라
129,다크익스프레션 장미,6,여름,"사랑, 아름다움",빨강,쉼머 장미,염색 튤립
130,달맞이꽃,7,여름,기다림,노랑,팬지,미니 거베라
131,닭의장풀,7,여름,시샘,파랑,현호색,제비꽃
132,당근꽃,3,봄,죽음도 아깝지 않으리,흰색,초롱꽃,사스레피나무꽃
133,당아욱,3,봄,"어머니의 사랑, 은혜",보라,팬지,야생화
134,더블라떼 마트리카리아,6,여름,한자리에 모인 기쁨,초록,무스카리,염색 카네이션
135,데스티니 장미,6,여름,사랑할 운명,주황,돌세토 장미,시크보이 장미
136,데이지,3,봄,명랑,흰색,블랙뷰티 장미,무스카리
137,데이지,5,봄,진실한 사랑,흰색,블랙뷰티 장미,수선화
138,덴드로비움,12,겨울,"말괄량이, 미인",보라,금낭화,큐트 카네이션
139,덴파레,5,봄,"축하, 축복",분홍,팬지,밀레니얼핑크 장미
140,델피니 장미,6,여름,"갈망, 존경",주황,브루트 카네이션,카우보이 카네이션
141,델피니움,7,여름,"가벼움, 경솔, 제 마음을 헤아려 주세요.",파랑,포드 소국,큰금계국
142,도라지,4,봄,상냥하고 따뜻함,보라,수국,매화
143,도라지,8,여름,"성실, 품위",보라,수국,매화
144,돈셀 카네이션,6,여름,존경,빨강,딜레타 카네이션,볼레로 카네이션
145,돈페드로 카네이션,6,여름,존경,빨강,블랙뷰티 장미,후크시아
146,돌단풍,4,봄,미덕,흰색,복숭아꽃,바람꽃
147,돌세토 장미,6,여름,"영원한 사랑, 달콤함",빨강,이응매,딥실버 장미
148,동백나무꽃,2,겨울,"겸손한 아름다움, 자랑",빨강,익시아,패모
149,동백나무꽃,4,봄,매력,빨강,익시아,패모
150,동의나물꽃,4,봄,"다가올 행복, 금잔",노랑,버드푸드,캘리포니아퍼피
151,동자꽃,6,여름,나의 진정을 받아 주세요.,빨강,블랙뷰티 장미,흰색양귀비
152,동자꽃,11,가을,기발한 지혜,빨강,블랙뷰티 장미,수선화
153,둥근잎꿩의비름,9,가을,"토착, 친숙",분홍,복숭아꽃,작약
154,드라이 라벤더,7,여름,"정절, 침묵",보라,블랙뷰티 장미,팬지
155,드라큘라 카네이션,6,여름,사랑과 존경,빨강,블랙뷰티 장미,좀작살나무꽃
156,들장미,10,가을,시,분홍,델피니움,포드 소국
157,디그니티 장미,6,여름,달콤한 고백,분홍,레이스플라워,염색 수국
158,디기탈리스,6,여름,가슴속의 생각,보라,퀵샌드 장미,웨스트민스터 애비 장미
159,디노 카네이션,6,여름,사랑과 존경,노랑,산자고,로사넬라 장미
160,디디스커스,5,봄,아이,보라,제비고깔,까실쑥부쟁이
161,디스버드 국화,10,가을,내 마음은 진심입니다,노랑,버드푸드,캘리포니아퍼피
162,딜레타 카네이션,6,여름,존경,노랑,피치팡팡 장미,볼레로 카네이션
163,딥실버 장미,6,여름,영원한 사랑,빨강,염색 카네이션,유카리체리 카네이션
164,딥퍼플 장미,6,여름,사랑의 서약,분홍,팬지,밀레니얼핑크 장미
165,땅나리,8,여름,"발랄, 열정",빨강,쉼머 장미,염색 튤립
166,땅채송화,7,여름,씩씩함,노랑,노랑수선화,캘리포니아퍼피
167,라넌큘러스,4,봄,"비난, 화사한 매력",빨강,레이스플라워,별꽃
168,라넌큘러스,5,봄,당신은 매력적입니다,빨강,세일러문 해바라기,로다스 카네이션
169,라벤더,12,겨울,기대,보라,웨스트민스터 애비 장미,피콜리니 거베라
170,라이스플라워,3,봄,풍요로운 결실,흰색,염색 카네이션,해오라비난초
171,라일락,4,봄,"젊은 날의 추억, 첫사랑",보라,웨스트민스터 애비 장미,피콜리니 거베라
172,라일락,5,봄,사랑의 싹,보라,웨스트민스터 애비 장미,피콜리니 거베라
173,라일락멜리사 카네이션,6,여름,사랑과 존경,분홍,딜레타 카네이션,피치팡팡 장미
174,라티나 장미,6,여름,찬란한 사랑,노랑,팬지,미니 거베라
175,락스 소국,9,가을,제 마음은 진심입니다,분홍,올라야,거베라
176,람브레타 카네이션,6,여름,사랑과 존경,주황,산자고,로사넬라 장미
177,러블리 살몬 소국,9,가을,수줍은 진심,주황,복숭아꽃,레이스플라워
178,러블리리디아 장미,6,여름,아직 실현되지 않은 사랑,분홍,퀵샌드 장미,오리엔탈 백합
179,레게핑크 카네이션,6,여름,존경,빨강,무스카리,별튤립
180,레너드 카네이션,6,여름,존경,빨강,팬지,꽃아그배나무꽃
181,레드팬써 장미,6,여름,사랑의 열정,빨강,익시아,패모
182,레이스플라워,6,여름,우아한 몸짓,초록,겹 소국,웨스트민스터 애비 장미
183,레이첼 장미,6,여름,첫사랑,분홍,카림보 카네이션,큐티버블 소국
184,레제다오도라,6,여름,매력,흰색,호자나무꽃,아라비아의별
185,로다스 카네이션,6,여름,존경,노랑,카모밀레,꽈리
186,로라 카네이션,6,여름,사랑과 존경,분홍,벳시 카네이션,무스카리
187,로마니 카네이션,6,여름,사랑과 존경,빨강,헬리옵시스,피냐타선드랍스 카네이션
188,로미오 장미,6,여름,행복한 사랑,주황,나도풍란,겹복숭아 꽃
189,로벨리아,10,가을,악의,보라,블랙뷰티 장미,팬지
190,로사넬라 장미,6,여름,첫사랑,주황,왁스플라워,나도풍란
191,로사캠피온,8,여름,성실,보라,센토레아(수레국화),델피니움
192,로얄파크 장미,6,여름,"순결, 기품",노랑,맥문동,수선화
193,로즈마리,9,가을,나를 사랑해요,보라,블랙뷰티 장미,팬지
194,로지타 벤델라 장미,6,여름,"갈망,존경",분홍,골든게이트 카네이션,계란 소국
195,루드베키아,8,여름,영원한 행복,노랑,논냉이,맥문동
196,루치아노 장미,5,봄,다양,분홍,꽈리,염색 카네이션
197,루피너스,5,봄,"탐욕, 삶의 욕구",분홍,염색 수국,맨스필드파크 장미
198,류코코리네,4,봄,따뜻한 마음,보라,히야신스,투구꽃
199,리나 카네이션,6,여름,사랑과 존경,빨강,쉼머 장미,염색 튤립
200,리모늄 미스티블루,8,여름,청초한 사랑,보라,블랙뷰티 장미,팬지
201,마가렛,3,봄,진실한 사랑,노랑,블랙뷰티 장미,좀작살나무꽃
202,마거리트,9,가을,마음속에 감춘사랑,흰색,굿무드 장미,다마스커스 카네이션
203,마리포사 카네이션,6,여름,존경,빨강,연령초,복숭아꽃
204,마삭줄,11,가을,"매혹, 속삭임",흰색,현호색,냉이
205,마이네리브 장미,5,봄,나의 사랑스러운 사람,빨강,꽈리,염색 카네이션
206,마취목,11,가을,희생,흰색,무스카리,맥문동
207,마타리,8,여름,미인,노랑,노랑수선화,캘리포니아퍼피
208,마트리카리아 써니볼,6,여름,한자리에 모인 기쁨,노랑,팬지,다알리아
209,만달라 장미,6,여름,사랑의 맹세,분홍,연령초,복숭아꽃
210,만병초,7,여름,"위엄, 존엄",흰색,복숭아꽃,바람꽃
211,말리부 장미,6,여름,사랑에 물들다,분홍,골든게이트 카네이션,계란 소국
212,말발도리,7,여름,애교,흰색,블랙뷰티 장미,팬지
213,맘보 장미,6,여름,"열정, 매혹",주황,팬지,닭의장풀
214,매발톱꽃,7,여름,"보라색 버림받은 애인, 흰색 우둔, 적색 염려",빨강,노루발풀,레이첼 장미
215,매쉬매리골드,1,겨울,반드시 오고야말 행복,노랑,논냉이,맥문동
216,매직타임즈 장미,9,가을,중독,빨강,겹헬레보러스,페어플로우 장미
217,매화,10,가을,고결한 마음,분홍,깽깽이풀,쥐꼬리망초
218,매화,12,겨울,맑은마음,분홍,깽깽이풀,쥐꼬리망초
219,맥문동,12,겨울,기쁨의 연속,보라,실바핑크 장미,꼬리조팝나무꽃
220,맨드라미,9,가을,"사진, 헛된 장식, 뜨거운 사랑",빨강,블랙뷰티 장미,좀작살나무꽃
221,맨스필드파크 장미,6,여름,"영원한 사랑, 달콤함",분홍,염색 수국,일반 리시안셔스
222,맨스필드핑크파크 장미,6,여름,"영원한 사랑, 달콤함",빨강,차밍레이스 장미,별튤립
223,메꽃,6,여름,서서히 깊숙이 들어가다.,보라,박하,멜리사
224,메리골드,6,여름,가엾은 애정,주황,버드푸드,노랑수선화
225,메리골드,11,가을,이별의 슬픔,주황,버드푸드,노랑수선화
226,멕사칸아이비,9,가을,변화,보라,팬지,야생화
227,멜론꽃,10,가을,포식,노랑,노랑수선화,캘리포니아퍼피
228,멜리사,2,겨울,동정,보라,이응매,해오라비난초
229,명자꽃,4,봄,"신뢰, 수줍음",빨강,팬지,미가목
230,모과꽃,9,가을,유혹,분홍,닭의장풀,캔들라이트 장미
231,모과꽃,9,가을,유혹,분홍,팬지,마이네리브 장미
232,모란,5,봄,"부귀, 영화, 성실",분홍,복주머니란(개불알꽃),골렘 카네이션
233,모멘텀 장미,6,여름,질투,노랑,논냉이,맥문동
234,모카라,5,봄,"청초한 아름다움, 기품",주황,목련,사이다 장미
235,모카스위트 카네이션,6,여름,사랑과 존경,빨강,펠리시티 장미,왁스플라워
236,목련,3,봄,고귀함,흰색,수국,하마다 카네이션
237,목련,4,봄,자연에의 사랑,흰색,수국,하마다 카네이션
238,목화,12,겨울,우수,흰색,복숭아꽃,바람꽃
239,목화,7,여름,"어머니의 사랑, 당신은 기품이 높다.",흰색,엘바 장미,겹 프릴 리시안셔스
240,몬디알 장미,6,여름,변치않는 사랑,노랑,햇살 장미,포드 소국
241,몬토야 카네이션,6,여름,존경,빨강,레이스플라워,염색 수국
242,몰약의꽃,11,가을,진실,흰색,블랙뷰티 장미,좀작살나무꽃
243,무궁화,2,겨울,섬세한 아름다움,분홍,펠리시티 장미,오리엔탈 백합
244,무궁화,7,여름,"은근, 끈기, 섬세한 아름다움",분홍,펠리시티 장미,오리엔탈 백합
245,무궁화,10,가을,미묘한 아름다움,분홍,펠리시티 장미,오리엔탈 백합
246,무릇,5,봄,강한 자제력,보라,금낭화,큐트 카네이션
247,무비스타 장미,6,여름,"갈망, 존경",분홍,하마다 카네이션,세일러문 해바라기
248,무스카리,2,겨울,"실망, 실의",파랑,미니 글라디올러스,문골렘 카네이션
249,무스카리,12,겨울,희망,파랑,미니 글라디올러스,문골렘 카네이션
250,문골렘 카네이션,6,여름,존경,흰색,퀵샌드 장미,알테어 카네이션
251,문라이트 카네이션,6,여름,존경,노랑,블랙뷰티 장미,좀작살나무꽃
252,문스톤 장미,6,여름,비밀스러운 마음,노랑,카모밀레,꽈리
253,물망초,2,겨울,날 잊지 말아요,파랑,현호색,말발도리
254,물망초,4,봄,"진실한 사랑, 나를 잊지 마세요.",파랑,현호색,말발도리
255,물망초,9,가을,날 잊지 말아요,파랑,현호색,말발도리
256,물망초,9,가을,날 잊지 말아요,파랑,현호색,말발도리
257,물봉선,9,가을,나를 건드리지 마세요.,노랑,팬지,미니 거베라
258,미가목,1,겨울,게으름을 모르는 마음,흰색,복숭아꽃,바람꽃
259,미가목,9,가을,"조심, 신중",흰색,복숭아꽃,바람꽃
260,미나리,7,여름,성의,흰색,블랙뷰티 장미,팬지
261,미나리아재비,1,겨울,천진난만,노랑,팬지,미니 거베라
262,미나리아재비,2,겨울,천진난만,노랑,피치팡팡 장미,볼레로 카네이션
263,미나리아재비,3,봄,아름다운 인격,노랑,노랑수선화,캘리포니아퍼피
264,미나리아재비,6,여름,말의 발자국,노랑,피치팡팡 장미,볼레로 카네이션
265,미뉴에토 카네이션,6,여름,사랑과 존경,빨강,겹 알스트로메리아,군자란
266,미니 거베라,4,봄,"수수께끼, 신비",빨강,팬지,다알리아
267,미니 글라디올러스,3,봄,젊음,흰색,문골렘 카네이션,러블리 살몬 소국
268,미니 루드베키아,7,여름,영원한 행복,주황,목련,사이다 장미
269,미니 방울 수선화,1,겨울,"자기애, 자존심, 고결",주황,스노우볼,무스카리
270,미니 심비디움,1,겨울,미인,초록,웨스트민스터 애비 장미,레이스플라워
271,미니 알리움,7,여름,돌아와요,보라,이응매,마취목
272,미니 알스트로메리아,2,겨울,"새로운 만남, 배려",주황,목련,프루테토 장미
273,미니바카랏 카네이션,6,여름,사랑과 존경,분홍,레이스플라워,오리엔탈 백합
274,미모사,1,겨울,예민한 마음,노랑,팬지,다알리아
275,미모사,9,가을,"예민, 섬세, 민감",보라,복숭아꽃,딥실버 장미
276,미모사 아카시아,1,겨울,우정,노랑,논냉이,맥문동
277,민들레,4,봄,"사랑의 신탁, 불사신",노랑,피치팡팡 장미,볼레로 카네이션
278,밀레니얼핑크 장미,6,여름,"갈망, 존경",분홍,팬지,덴파레
279,밀짚꽃,7,여름,항상 기억하라,분홍,뻐꾹나리,황새냉이
280,바람꽃,3,봄,"당신만이 볼 수 있어요, 덧없는 사랑",흰색,블랙뷰티 장미,팬지
281,바이올렛 힐 장미,6,여름,비밀,빨강,레이스플라워,오리엔탈 백합
282,바이퍼와인,6,여름,존경,빨강,레이스플라워,오리엔탈 백합
283,바카랏 카네이션,6,여름,존경,빨강,레이스플라워,오리엔탈 백합
284,박하,3,봄,미덕,보라,벚꽃,말발도리
285,박하,10,가을,덕,보라,히야신스,산딸나무꽃
286,반다,12,겨울,애정의 표시,보라,팬지,야생화
287,방울 스카비오사,5,봄,"운치, 사랑을 잃다",보라,팬지,센토레아(수레국화)
288,배나무꽃,4,봄,온화한 애정,주황,포드 소국,흰색장미
289,배롱나무꽃,9,가을,헤어진 벗에게 보내는 마음,분홍,닭의장풀,캔들라이트 장미
290,백량금,12,겨울,"가치, 사랑",흰색,웨스트민스터 애비 장미,설악초
291,백리향,11,가을,향기,흰색,별꽃,산자고
292,백양꽃,9,가을,"초가을의 그리움, 진한 미소",주황,좀작살나무꽃,쉼머 장미
293,백일홍,12,겨울,행복,노랑,논냉이,맥문동
294,백합(나리),6,여름,"순결, 깨끗한 마음",노랑,논냉이,맥문동
295,백합(나리),6,여름,"순결, 깨끗한 마음",노랑,논냉이,맥문동
296,백합나무(튤립나무)꽃,5,봄,조용,노랑,논냉이,맥문동
297,뱀무,9,가을,만족된 사랑,노랑,버드푸드,캘리포니아퍼피
298,버나드 카네이션,6,여름,존경,빨강,쉼머 장미,염색 튤립
299,버드푸드,7,여름,다시 만날 날까지,노랑,노랑수선화,캘리포니아퍼피
300,버마니아 카네이션,6,여름,존경,분홍,복숭아꽃,작약
301,버베나,6,여름,단결,빨강,닭의장풀,캔들라이트 장미
302,버터플라이 라넌큘러스,4,봄,"매력, 매혹",흰색,팬지,무스카리
303,범의귀,2,겨울,절실한 애정,흰색,팬지,토끼풀
304,범의귀,11,가을,비밀,흰색,팬지,일일초
305,벗풀,10,가을,신뢰,흰색,지이스 장미,베로나 장미
306,벚꽃,3,봄,인생의 출발,흰색,오리엔탈 백합,복숭아꽃
307,벚꽃난,12,겨울,동감,분홍,아라비아의별,스프레이 델피늄
308,벚나무꽃,3,봄,"정신의 아름다움, 가인",흰색,오리엔탈 백합,복숭아꽃
309,베로나 장미,6,여름,정열,빨강,블랙뷰티 장미,패모
310,베로나 카네이션,6,여름,존경,빨강,딜레타 카네이션,피치팡팡 장미
311,베로니카,6,여름,"충실,견고",흰색,초롱꽃,사스레피나무꽃
312,벳시 카네이션,6,여름,존경,빨강,레이스플라워,복숭아꽃
313,별 클레마티스,9,가을,아름다운 마음,분홍,핑크플로이드 장미,골렘 카네이션
314,별꽃,6,여름,추억,흰색,레이스플라워,카라
315,별튤립,4,봄,애정과 배려,주황,나무딸기꽃,세일러문 해바라기
316,보라색라일락,5,봄,사랑이 싹,보라,웨스트민스터 애비 장미,피콜리니 거베라
317,보랏빛제비꽃,1,겨울,사랑,보라,팬지,당아욱
318,보산스카 카네이션,6,여름,사랑과 존경,빨강,벳시 카네이션,무스카리
319,보헤메 카네이션,6,여름,존경,보라,딜레타 카네이션,피치팡팡 장미
320,복수초,2,겨울,"영원한 행복(동양), 슬픈 추억(서양)",노랑,피치팡팡 장미,볼레로 카네이션
321,복숭아꽃,4,봄,사랑의 노예,분홍,러블리 살몬 소국,레이스플라워
322,복주머니란(개불알꽃),6,여름,튀는 아름다움,분홍,핑크플로이드 장미,골렘 카네이션
323,볼레로 카네이션,6,여름,사랑과 존경,분홍,딜레타 카네이션,피치팡팡 장미
324,봉선화,8,여름,나를 건드리지 마세요.,분홍,델피니움,블랙뷰티 장미
325,부겐빌리아,8,여름,정열,주황,버드푸드,노랑수선화
326,부레옥잠,8,여름,승리,보라,히야신스,투구꽃
327,부르트 장미,6,여름,사랑을 맹세해요,흰색,마이네리브 장미,까실쑥부쟁이
328,부바르디아,9,가을,난 당신의 포로,흰색,블랙뷰티 장미,좀작살나무꽃
329,부용,11,가을,섬세한 아름다움,분홍,깽깽이풀,쥐꼬리망초
330,부용(히비스커스),9,가을,섬세한 아름다움,분홍,깽깽이풀,쥐꼬리망초
331,부처꽃,10,가을,사랑의 슬픔,보라,블랙뷰티 장미,팬지
332,분꽃,6,여름,"소심, 수줍음",노랑,팬지,미니 거베라
333,불두화,5,봄,"은혜, 베품",흰색,이응매,흰독말풀
334,붓꽃,5,봄,"좋은 소식, 사랑의 메시지",보라,블랙뷰티 장미,팬지
335,뷰글라스,11,가을,진실,파랑,팬지,만병초
336,브라이튼 장미,6,여름,영원한 사랑,노랑,팬지,미니 거베라
337,브루트 카네이션,6,여름,존경,노랑,카우보이 카네이션,카림보 카네이션
338,브리오니아,11,가을,거절,초록,돌세토 장미,일세 장미
339,블랙뷰티 장미,6,여름,당신은 나의 것,빨강,베로나 장미,패모
340,블루베리 장미,10,가을,"존경, 기품, 자랑스러움",분홍,팬지,밀레니얼핑크 장미
341,블루즈 장미,9,가을,사랑의 서약,빨강,익시아,패모
342,블루코페르니코 카네이션,6,여름,존경,보라,팬지,야생화
343,비단향꽃나무꽃,5,봄,영원한 아름다움,보라,블랙뷰티 장미,팬지
344,비모란선인장,11,가을,세계속의 한국,분홍,좀작살나무꽃,알리움
345,비스위트 장미,6,여름,달콤한 감정,분홍,연령초,복숭아꽃
346,비젯 카네이션,6,여름,존경,빨강,블랙뷰티 장미,월귤
347,비하이브 장미,6,여름,달콤한 고백,주황,버드푸드,노랑수선화
348,빅토리오라벤더,7,여름,풍부한 향기,파랑,팬지,살구꽃
349,빙카,2,겨울,즐거운 추억,흰색,이응매,딥실버 장미
350,빨간국화,10,가을,사랑,빨강,헬리옵시스,피냐타선드랍스 카네이션
351,빨간아네모네,4,봄,그대를 사랑해,빨강,팬지,덴파레
352,빨간앵초,2,겨울,돌보지 않는 아름다움,빨강,블랙뷰티 장미,후크시아
353,빨강동백,12,겨울,고결한 이성,빨강,버드푸드,노랑수선화
354,빨강매발톱꽃,6,여름,솔직,빨강,무스카리,데스티니 장미
355,빨강봉선화,10,가을,날 건드리지 마세요,주황,블랙뷰티 장미,후크시아
356,빨강양귀비,8,여름,위로,빨강,익시아,패모
357,빨강제라늄,6,여름,"그대가 있기에 사랑이
있네",빨강,블랙뷰티 장미,좀작살나무꽃
358,뻐꾹나리,8,여름,당당,보라,흰앵초,스노우플레이크
359,뻐꾹채,5,봄,나그네,보라,퀵샌드 장미,매화
360,사가 장미,6,여름,당신은 나의 영웅,빨강,솜나물꽃,블랙뷰티 장미
361,사과꽃,9,가을,명성,흰색,복숭아꽃,바람꽃
362,사과나무꽃,10,가을,유혹,보라,복숭아꽃,작약
363,사막장미,11,가을,지혜,분홍,닭의장풀,캔들라이트 장미
364,사스레피나무꽃,1,겨울,당신은 소중합니다.,흰색,아라비아의별,복숭아꽃
365,사이다 장미,6,여름,사랑의 맹세,빨강,큐트 카네이션,세일러문 해바라기
366,사향장미,2,겨울,변덕스러운 사랑,주황,염색 카네이션,해오라비난초
367,산국,11,가을,흉내,노랑,노랑수선화,캘리포니아퍼피
368,산당화,3,봄,"열정,겸손",빨강,겹헬레보러스,아스틸베
369,산딸나무꽃,10,가을,희생,흰색,복숭아꽃,바람꽃
370,산마늘꽃,5,봄,마음을 편하게 가지세요.,초록,웨스트민스터 애비 장미,레이스플라워
371,산부추꽃,11,가을,보호,보라,블랙뷰티 장미,팬지
372,산사나무꽃,9,가을,"희망, 유일한 사랑, 관용",흰색,이응매,흰독말풀
373,산수국,6,여름,"매혹,애정",파랑,부르트 장미,산호수
374,산수유,3,봄,"지속, 불변, 영원불변의 사랑",노랑,산자고,로사넬라 장미
375,산옥잠화,3,봄,사랑의 망각,보라,아이리스,보라색라일락
376,산자고,2,겨울,가녀린 미소,흰색,로사넬라 장미,람브레타 카네이션
377,산호수,1,겨울,"용감, 총명",흰색,부르트 장미,꽃아까시나무꽃
378,살구꽃,2,겨울,아가씨의 수줍음,흰색,호자나무꽃,염색 카네이션
379,살구꽃,4,봄,처녀의 부끄러움,흰색,호자나무꽃,염색 카네이션
380,살구꽃,10,가을,아가씨의 수줍음,흰색,복숭아꽃,바람꽃
381,살비아,9,가을,"불타는 마음, 정열",빨강,팬지,닭의장풀
382,삼색제비꽃,5,봄,사랑이여 영원하라,노랑,논냉이,맥문동
383,상사화,8,여름,"기대, 순결한 사랑",분홍,닭의장풀,캔들라이트 장미
384,색비름,9,가을,애정,빨강,블랙뷰티 장미,좀작살나무꽃
385,샌더소니아,6,여름,성공,노랑,돌세토 장미,데스티니 장미
386,샐마 장미,6,여름,어여쁘다,주황,염색 수국,나무딸기꽃
387,샤또 카네이션,6,여름,사랑과 존경,빨강,레이스플라워,오리엔탈 백합
388,샤만트 장미,6,여름,영원한 사랑,노랑,올라야,레이스플라워
389,샤프란,1,겨울,후회없는 청춘,보라,도라지,보라색라일락
390,샤프란,1,겨울,절도의 미,보라,도라지,보라색라일락
391,샤프란,9,가을,후회없는 청춘,보라,도라지,보라색라일락
392,샤프란,10,가을,온화한 미소,보라,말발도리,쑥부쟁이
393,서양모과꽃,11,가을,유일한 사랑,흰색,블랙뷰티 장미,좀작살나무꽃
394,서양톱풀,11,가을,지도력,흰색,블랙뷰티 장미,팬지
395,서향,2,겨울,영광,보라,염색 수국,맨스필드파크 장미
396,서향,12,겨울,"불멸, 명예",보라,염색 수국,맨스필드파크 장미
397,석류꽃,12,겨울,원숙미,빨강,익시아,패모
398,석류꽃,8,여름,원숙한 아름다움,빨강,버드푸드,노랑수선화
399,석류꽃,10,가을,원숙한 아름다움,빨강,버드푸드,노랑수선화
400,설악초,7,여름,"환영, 축복",초록,웨스트민스터 애비 장미,흰앵초
401,설앵초,4,봄,비할바없는 아름다움,보라,아이리스,보라색라일락
402,설유화,3,봄,애교,노랑,델피니움,블랙뷰티 장미
403,섬말나리,6,여름,더 이상 고귀할 수 없다.,주황,좀작살나무꽃,쉼머 장미
404,세이지,12,겨울,"가정의 덕망, 건강, 존경",보라,문스톤 장미,스카비오사
405,세일러문 해바라기,7,여름,"숭배, 동경",노랑,다알리아,하마다 카네이션
406,센토레아(수레국화),7,여름,"행복, 섬세, 유쾌",파랑,딥실버 장미,방울 스카비오사
407,소머셋 장미,6,여름,우정,노랑,목련,사이다 장미
408,솜나물꽃,2,겨울,발랄,흰색,블랙뷰티 장미,팬지
409,솜다리,2,겨울,숭고한 사랑,흰색,초롱꽃,사스레피나무꽃
410,솜방망이,3,봄,안전합니다.,초록,팬지,미니 거베라
411,수국,7,여름,"친절, 현명",파랑,겹복숭아 꽃,캔들라이트 장미
412,수레국화,3,봄,행복함,파랑,팬지,수선화
413,수레국화,8,여름,행복,파랑,딥실버 장미,방울 스카비오사
414,수련,4,봄,청순한 마음,흰색,옥시페탈룸,피콜리니 거베라
415,수련,5,봄,청순한 마음,빨강,팬지,다알리아
416,수련,7,여름,당신의 사랑은 알 수 없습니다.,흰색,논냉이,맥문동
417,수박풀,8,여름,아가씨의 아름다운 자태,초록,열매 클레마티스,얼레지
418,수선화,1,겨울,신비,흰색,복숭아꽃,바람꽃
419,수선화,1,겨울,신비,흰색,복숭아꽃,바람꽃
420,수선화,1,겨울,신비,흰색,복숭아꽃,바람꽃
421,수선화,1,겨울,신비,흰색,복숭아꽃,바람꽃
422,수선화,1,겨울,신비,흰색,복숭아꽃,바람꽃
423,수선화,3,봄,자존,흰색,복숭아꽃,바람꽃
424,수선화,3,봄,자존,흰색,복숭아꽃,바람꽃
425,수선화,3,봄,자존,흰색,복숭아꽃,바람꽃
426,수선화,3,봄,자존,흰색,복숭아꽃,바람꽃
427,수세미,9,가을,여유,노랑,노랑수선화,캘리포니아퍼피
428,수염패랭이꽃,6,여름,의협심,분홍,익시아,패모
429,수영,1,겨울,친근한 정,흰색,복숭아꽃,바람꽃
430,수크령,10,가을,가을의 향연,갈색,제제벨 장미,지이스 장미
431,술패랭이,7,여름,"무욕, 평정",보라,깽깽이풀,매화
432,쉬라즈 장미,6,여름,낭만,주황,블랙뷰티 장미,골렘 카네이션
433,쉼머 장미,6,여름,순수한 사랑,주황,목련,프루테토 장미
434,슈미트티아나,6,여름,사모하는 마음,보라,도라지,보라색라일락
435,슈베르트 알리움,7,여름,돌아와요,보라,굿무드 장미,이응매
436,슈퍼센세이션 장미,6,여름,행복한 사랑,분홍,나무딸기꽃,세일러문 해바라기
437,스노드롭,1,겨울,깊은애정,초록,팬지,맥문동
438,스노우드롭,2,겨울,"희망, 위안",초록,팬지,맥문동
439,스노우볼,7,여름,제행무상,초록,웨스트민스터 애비 장미,레이스플라워
440,스노우플레이크,12,겨울,아름다움,흰색,블랙뷰티 장미,좀작살나무꽃
441,스노우플레이크 장미,6,여름,순수한 사랑,흰색,패모,레드팬써 장미
442,스위트니스 장미,6,여름,사랑,분홍,자나 장미,꽃아카시아나무꽃
443,스위트피,2,겨울,"희망, 위안",파랑,부르트 장미,꽃아까시나무꽃
444,스위트피,4,봄,우아한 추억,파랑,부르트 장미,꽃아까시나무꽃
445,스위트피,4,봄,우아한 추억,파랑,부르트 장미,꽃아까시나무꽃
446,스위트피,6,여름,우아한 추억,파랑,부르트 장미,꽃아까시나무꽃
447,스윗유니크 장미,6,여름,사랑의 맹세,빨강,펠리시티 장미,초롱꽃
448,스윗핑크 장미,6,여름,영원한 사랑,분홍,골렘 카네이션,좀작살나무꽃
449,스카비오사,5,봄,"운치, 사랑을 잃다",보라,부르트 장미,꽃아까시나무꽃
450,스칼렛플러스 카네이션,6,여름,사랑과 존경,빨강,써니 코마치 카네이션,웨스트민스터 애비 장미
451,스타 체리테시노 카네이션,6,여름,사랑과 존경,분홍,자나 장미,꽃아카시아나무꽃
452,스타티스,5,봄,영원한 사랑,보라,이응매,스타 체리테시노 카네이션
453,스타티스,8,여름,인기,보라,이응매,스타 체리테시노 카네이션
454,스타티스,9,가을,불변의 사랑,보라,이응매,스타 체리테시노 카네이션
455,스타플래티넘 장미,6,여름,비밀,분홍,초롱꽃,겹 공작초
456,스탠다드 카네이션,6,여름,존경,빨강,익시아,패모
457,스털링센세이션 장미,6,여름,감각적인 사람,분홍,무스카리,별튤립
458,스토크,1,겨울,"영원한 아름다움, 사랑의 굴레",보라,데스티니 장미,하마다 카네이션
459,스파이더 거베라,9,가을,풀 수 없는 수수께끼,빨강,복숭아꽃,핑크익스프레션 장미
460,스펙트로 카네이션,6,여름,사랑과 존경,빨강,딜레타 카네이션,피치팡팡 장미
461,스프레이 델피늄,6,여름,당신을 행복하게 해줄게요,파랑,로사넬라 장미,러블리 살몬 소국
462,스프레이 카네이션,6,여름,사랑과 존경,빨강,팬지,산딸나무꽃
463,시계꽃,6,여름,성스러운 사랑,보라,블랙뷰티 장미,꽃담배
464,시넨시스,2,겨울,청초한 사랑,보라,팬지,센토레아(수레국화)
465,시레네,5,봄,청춘의 사랑,노랑,왁스플라워,큐티버블 소국
466,시크보이 장미,5,봄,솔직한 마음,주황,돌세토 장미,데스티니 장미
467,시클라멘,1,겨울,내성적 성격,분홍,복숭아꽃,작약
468,시클라멘,10,가을,"수줍음, 질투, 의심",분홍,딜레타 카네이션,피치팡팡 장미
469,실바써니 장미,6,여름,두근거림,노랑,염색 튤립,오렌지크러쉬 장미
470,실바핑크 장미,6,여름,달콤함,분홍,꼬리조팝나무꽃,맥문동
471,심비디움,1,겨울,귀부인,빨강,쉼머 장미,염색 튤립
472,싸리,7,여름,생각,보라,블랙뷰티 장미,팬지
473,써니 코마치 카네이션,6,여름,존경,분홍,골든게이트 카네이션,계란 소국
474,썸머라일락,6,여름,친구의 우정,노랑,목련,프루테토 장미
475,썸머로사 장미,8,여름,청춘,노랑,맥문동,초롱꽃
476,쑥국화,12,겨울,평화,노랑,논냉이,맥문동
477,쑥부쟁이,7,여름,태만,파랑,팬지,당아욱
478,씀바귀,3,봄,순박함,초록,논냉이,맥문동
479,아가판서스,6,여름,사랑의 소식,보라,굿무드 장미,이응매
480,아게라텀,6,여름,"신뢰, 믿음",보라,웨스트민스터 애비 장미,피콜리니 거베라
481,아네모네,2,겨울,속절없는 사랑,빨강,블랙뷰티 장미,애기나리
482,아네모네,4,봄,기대,빨강,블랙뷰티 장미,꽃아그배나무꽃
483,아네모네,9,가을,"고독, 정조, 성실",빨강,블랙뷰티 장미,수선화
484,아도니스,2,겨울,추억,노랑,피치팡팡 장미,볼레로 카네이션
485,아도니스,4,봄,영원한 행복,노랑,노랑수선화,캘리포니아퍼피
486,아라비아의별,2,겨울,순수,파랑,굿무드 장미,다마스커스 카네이션
487,아란다,5,봄,우리의 이야기,빨강,블랙뷰티 장미,미가목
488,아리아나 장미,6,여름,신성함,주황,겹헬레보러스,아스틸베
489,아마,6,여름,감사,파랑,스노우플레이크,카모밀레
490,아마릴리스,1,겨울,"수다쟁이, 눈부신 아름다움",빨강,겹 알스트로메리아,군자란
491,아몬드,3,봄,"희망, 진실한 사랑",흰색,지이스 장미,베로나 장미
492,아스클레피아스,9,가을,화려한 추억,주황,제제벨 장미,지이스 장미
493,아스트란시아,9,가을,사랑의 갈증,분홍,돌세토 장미,겹 알스트로메리아
494,아스틸베,7,여름,기약없는 사랑,빨강,겹헬레보러스,페어플로우 장미
495,아스포델,7,여름,나는 당신의 것,흰색,굿무드 장미,이응매
496,아시아틱 백합,7,여름,"순결, 위엄",빨강,익시아,패모
497,아이리스,2,겨울,"좋은 소식, 용기",파랑,퀵샌드 장미,매화
498,아이리스,4,봄,멋진결혼,보라,히야신스,은방울꽃
499,아이리스,5,봄,아름다움의 소유자,보라,히야신스,수선화
500,아이비제라늄,7,여름,진실한 애정,흰색,수박풀,열매 클레마티스
501,아잘레아,2,겨울,사랑의 기쁨,흰색,복숭아꽃,바람꽃
502,아프리칸 바이올렛,1,겨울,작은사랑,보라,딜레타 카네이션,피치팡팡 장미
503,아프리칸매리골드,6,여름,"질투, 비애",주황,버드푸드,노랑수선화
504,안개 소국,9,가을,제 마음은 진심입니다,흰색,블랙뷰티 장미,은방울꽃
505,안개꽃,5,봄,"맑은 마음, 사랑의 성공",노랑,포드 소국,흰색장미
506,안개초,11,가을,"간절한 기쁨, 밝은 마음",보라,히야신스,투구꽃
507,안스륨,8,여름,사랑에 번민하는 마음,빨강,익시아,패모
508,안스리움,2,겨울,번뇌,빨강,익시아,패모
509,안스리움,8,여름,불타는 마음,흰색,문골렘 카네이션,러블리 살몬 소국
510,알리바바 카네이션,6,여름,존경,분홍,큐트 카네이션,염색 수국
511,알리섬,1,겨울,뛰어난 아름다움,흰색,현호색,냉이
512,알리움,6,여름,무한한 슬픔,보라,티파니 장미,무비스타 장미
513,알리움,7,여름,어서 돌아와요,보라,티파니 장미,무비스타 장미
514,알보라다 카네이션,6,여름,존경,분홍,초롱꽃,벚꽃난
515,알스트로메리아,2,겨울,"새로운 만남, 배려",빨강,겹헬레보러스,아스틸베
516,알테어 카네이션,6,여름,존경,분홍,초롱꽃,겹 공작초
517,애기금어초,11,가을,내 마음을 알아주세요.,분홍,레이스플라워,오리엔탈 백합
518,애기나리,4,봄,요정들의 소풍,흰색,복숭아꽃,바람꽃
519,애기동백,12,겨울,"자랑, 겸손한 아름다움",빨강,익시아,패모
520,애플티 카네이션,6,여름,존경,주황,논냉이,레이스플라워
521,앱솔루트인핑크 장미,6,여름,갈망,분홍,레이스플라워,별꽃
522,앵초,1,겨울,번영,보라,센토레아(수레국화),델피니움
523,앵초,2,겨울,젊은 시절과 고뇌,보라,팬지,쑥부쟁이
524,야생화,2,겨울,친숙한 자연,보라,팬지,당아욱
525,양귀비,12,겨울,"위로, 위안",빨강,버드푸드,노랑수선화
526,양지꽃,3,봄,봄,노랑,논냉이,맥문동
527,어저귀,1,겨울,억측,노랑,팬지,미니 거베라
528,얼레지,3,봄,여인,흰색,수박풀,열매 클레마티스
529,엉겅퀴,6,여름,건드리지 마세요,분홍,퀵샌드 장미,웨스트민스터 애비 장미
530,에그타르트 장미,6,여름,우정,노랑,팬지,미니 거베라
531,에리카,9,가을,고독,보라,팬지,쑥부쟁이
532,에리카,11,가을,"고독, 쓸쓸함",보라,복숭아꽃,작약
533,에린지움,8,여름,비밀스런 애정,파랑,센토레아(수레국화),산수국
534,에코 카네이션,6,여름,존경,초록,웨스트민스터 애비 장미,레이스플라워
535,엘라티오르베고니아,12,겨울,진정한 아름다움,빨강,델피니움,포드 소국
536,엘리카,8,여름,고독,분홍,델피니움,포드 소국
537,엘바 장미,6,여름,사랑의 도피,분홍,골렘 카네이션,수영
538,엠마 카네이션,6,여름,존경,노랑,피치팡팡 장미,볼레로 카네이션
539,여주 카라,4,봄,"순수, 순결, 천년의 사랑, 당신은 나에게 있어 행운",빨강,연령초,복숭아꽃
540,연령초,7,여름,그윽한 마음,흰색,노루귀,수국
541,열매 클레마티스,9,가을,아름다운 마음,흰색,수국,스프레이 델피늄
542,염색 수국,7,여름,"친절, 현명",주황,국화,목련
543,염색 카네이션,6,여름,존경,파랑,미니 글라디올러스,호자나무꽃
544,염색 튤립,4,봄,사랑의 흔적,주황,쉼머 장미,오렌지크러쉬 장미
545,옐로우캡 소국,9,가을,밝은 마음,노랑,논냉이,맥문동
546,오니소갈룸,5,봄,일편단심,흰색,에린지움,아라비아의별
547,오렌지크러쉬 장미,6,여름,열망,주황,쉼머 장미,염색 튤립
548,오리엔탈 겹 백합,7,여름,"순결,위엄",흰색,무스카리,겹 알스트로메리아
549,오리엔탈 백합,11,가을,"순결, 위엄",분홍,나무딸기꽃,세일러문 해바라기
550,오리온 카네이션,6,여름,존경,주황,돌세토 장미,겹 알스트로메리아
551,오미자,10,가을,다시 만납시다.,흰색,레이스플라워,카라
552,오하라 장미,12,겨울,"순결, 순진",분홍,왁스플라워,러블리 살몬 소국
553,옥시페탈룸,5,봄,날카로움,파랑,참제비고깔,제비고깔
554,옥잠화,8,여름,"침착, 조용",흰색,복숭아꽃,바람꽃
555,온시디움,1,겨울,순박한 마음,노랑,팬지,미니 거베라
556,올라야,5,봄,우아한 몸짓,노랑,수국,하마다 카네이션
557,올리비노 카네이션,6,여름,사랑과 존경,초록,햇살 장미,포드 소국
558,올포러브 장미,6,여름,사랑을 위해 모두 드려요,분홍,큐트 카네이션,오리엔탈 백합
559,왁스플라워,3,봄,"불로장생, 영원",빨강,골렘 카네이션,수선화
560,왕갯쑥부쟁이,11,가을,만추의 향연,보라,현호색,말발도리
561,용담,8,여름,슬퍼하고 있을 때의 당신이 좋다.,보라,히야신스,깽깽이풀
562,용담,9,가을,정의,보라,도라지,보라색라일락
563,용머리,5,봄,승천,보라,웨스트민스터 애비 장미,피콜리니 거베라
564,우묵사스레피,1,겨울,기억 속에 새기다.,흰색,블랙뷰티 장미,좀작살나무꽃
565,우엉꽃,3,봄,괴롭히지 말아요,보라,팬지,야생화
566,우엉꽃,7,여름,위안,보라,블랙뷰티 장미,팬지
567,원달러 카네이션,6,여름,존경,분홍,팬지,야생화
568,원추리,7,여름,"기다리는 마음, 하루만의 아름다움",노랑,팬지,다알리아
569,월귤,12,겨울,"반항심, 도전",흰색,복숭아꽃,바람꽃
570,웨스트민스터 애비 장미,6,여름,고귀한 마음,흰색,엘바 장미,왁스플라워
571,유채,3,봄,"명랑, 기분전환",노랑,논냉이,맥문동
572,유카리바이올렛 카네이션,6,여름,존경,보라,핑크플로이드 장미,골렘 카네이션
573,유카리체리 카네이션,6,여름,존경,분홍,염색 카네이션,딥실버 장미
574,율두스 장미,10,가을,"갈망, 진지한 감사",노랑,미뉴에토 카네이션,겹 알스트로메리아
575,으름,4,봄,재능,보라,실바핑크 장미,맥문동
576,은매화,2,겨울,사랑의 속삭임,초록,핑크아미 장미,레이스플라워
577,은방울 수선화,4,봄,아름다움,노랑,무스카리,염색 카네이션
578,은방울꽃,5,봄,섬세함,흰색,복숭아꽃,바람꽃
579,은방울꽃,5,봄,섬세함,흰색,복숭아꽃,바람꽃
580,은방울꽃,5,봄,섬세함,흰색,복숭아꽃,바람꽃
581,은방울꽃,5,봄,섬세함,흰색,복숭아꽃,바람꽃
582,은방울꽃,5,봄,섬세함,흰색,복숭아꽃,바람꽃
583,이끼장미,7,여름,가련,분홍,델피니움,포드 소국
584,이끼장미,10,가을,순진무구,분홍,델피니움,포드 소국
585,이벳 장미,6,여름,행복한 사랑,분홍,차밍레이스 장미,별튤립
586,이응매,4,봄,"청순, 순결",흰색,굿무드 장미,아스포델
587,익시아,7,여름,섬세함,노랑,패모,레드팬써 장미
588,인게이지먼트 장미,6,여름,약속,분홍,나무딸기꽃,올리비노 카네이션
589,인챈트먼트 장미,2,겨울,황홀경,빨강,팬지,은방울꽃
590,일레오스 장미,6,여름,행복한 사랑,노랑,블랙뷰티 장미,수선화
591,일반 리시안셔스,2,겨울,변치않는 사랑,빨강,펠리시티 장미,왁스플라워
592,일반 수선화,1,겨울,"자기애, 자존심, 고결",노랑,팬지,미니 거베라
593,일세 장미,4,봄,사랑의 영광,주황,돌세토 장미,오리온 카네이션
594,일일초,10,가을,즐거운 추억,흰색,복숭아꽃,바람꽃
595,잉글리쉬데이지,3,봄,"순진, 평화",흰색,블랙뷰티 장미,팬지
596,자나 장미,6,여름,변함없는 사랑의 맹세,분홍,웨스트민스터 애비 장미,산자고
597,자목련,7,여름,자연애,보라,딥실버 장미,방울 스카비오사
598,자색국화,12,겨울,사랑,분홍,팬지,야생화
599,자운영,3,봄,나의 행복,보라,센토레아(수레국화),델피니움
600,자운영,4,봄,감화,보라,센토레아(수레국화),델피니움
601,자이언트 델피늄,7,여름,제 마음을 헤아려 주세요,보라,히야신스,수선화
602,작약,5,봄,수줍음,분홍,골든게이트 카네이션,계란 소국
603,장미,5,봄,"열렬한 사랑, 질투, 순결",빨강,블랙뷰티 장미,후크시아
604,장미,6,여름,아름답게 빛나는 얼굴,빨강,블랙뷰티 장미,후크시아
605,장미,6,여름,사랑,빨강,블랙뷰티 장미,후크시아
606,장미,6,여름,사랑,빨강,블랙뷰티 장미,후크시아
607,장미,7,여름,사랑스러움,빨강,블랙뷰티 장미,후크시아
608,쟈스민,6,여름,사랑스러움,흰색,복숭아꽃,바람꽃
609,저먼더,8,여름,담백,보라,복숭아꽃,딥실버 장미
610,점나도식물,1,겨울,순진,흰색,초롱꽃,러블리 살몬 소국
611,접시꽃,6,여름,열렬한 연애,분홍,딜레타 카네이션,피치팡팡 장미
612,접시꽃,8,여름,열렬한 사랑,분홍,딜레타 카네이션,피치팡팡 장미
613,접시꽃,8,여름,"풍요, 대망",분홍,딜레타 카네이션,피치팡팡 장미
614,제니스타,4,봄,"청초, 겸손",빨강,무스카리,별튤립
615,제니트 카네이션,6,여름,존경,빨강,쉼머 장미,염색 튤립
616,제라늄,2,겨울,당신의 생각이 나를 떠나지 않습니다.,흰색,현호색,수국
617,제라늄,4,봄,결심,빨강,익시아,패모
618,제라늄,6,여름,그대가 있기에 행복이 있다.,빨강,익시아,패모
619,제라늄,7,여름,진실한 애정,보라,퀵샌드 장미,오리엔탈 백합
620,제비고깔,5,봄,자유,파랑,참제비고깔,수국
621,제비꽃,2,겨울,"나를 생각해 주세요, 순진한 사랑",보라,현호색,닭의장풀
622,제비꽃,2,겨울,"나를 생각해 주세요, 순진한 사랑",보라,현호색,닭의장풀
623,제비꽃,2,겨울,"나를 생각해 주세요, 순진한 사랑",보라,현호색,닭의장풀
624,제비꽃,3,봄,"나를 생각해 주세요, 순진한 사랑",보라,현호색,닭의장풀
625,제제벨 장미,6,여름,벗어날 수 없는,주황,블랙뷰티 장미,골렘 카네이션
626,젠티 카네이션,6,여름,사랑과 존경,노랑,맥문동,초롱꽃
627,조디 카네이션,6,여름,존경,분홍,작약,몬디알 장미
628,조팝나무꽃,3,봄,매력,노랑,팬지,맥문동
629,조팝나무꽃,4,봄,노력,노랑,팬지,맥문동
630,좀작살나무꽃,8,여름,총명,보라,딜레타 카네이션,피치팡팡 장미
631,좁은입배풍동,7,여름,참을 수 없어,보라,현호색,닭의장풀
632,종꽃,6,여름,아양떠는 모습,보라,팬지,당아욱
633,줄리에타 장미,6,여름,바램,주황,블랙뷰티 장미,골렘 카네이션
634,중국 소국,9,가을,다양,분홍,깽깽이풀,쥐꼬리망초
635,중국패모,4,봄,위엄,노랑,피치팡팡 장미,볼레로 카네이션
636,쥐꼬리망초,2,겨울,가련미의 극치,보라,깽깽이풀,매화
637,쥬리고 카네이션,6,여름,존경,빨강,레이스플라워,오리엔탈 백합
638,쥬밀리아 장미,6,여름,사랑의 맹세,분홍,써니 코마치 카네이션,웨스트민스터 애비 장미
639,지이스 장미,6,여름,"수줍음, 첫사랑의 고백",노랑,제제벨 장미,수크령
640,지젤 장미,6,여름,새로운 시작,노랑,버드푸드,캘리포니아퍼피
641,진달래,3,봄,절제,보라,펠리시티 장미,오리엔탈 백합
642,진달래,8,여름,사랑의 기쁨,보라,펠리시티 장미,오리엔탈 백합
643,찔레,5,봄,온화,분홍,큐트 카네이션,오리엔탈 백합
644,차밍레이스 장미,6,여름,당신은 매력적이예요,분홍,맨스필드핑크파크 장미,별튤립
645,참나리,7,여름,기개,주황,쉼머 장미,염색 튤립
646,참제비고깔,4,봄,청명,파랑,제비고깔,수국
647,참취,10,가을,참맛,흰색,염색 카네이션,흰색국화
648,채송화,6,여름,가련함,빨강,팬지,수선화
649,처녀치마,11,가을,"기세, 활달",보라,티파니 장미,무비스타 장미
650,천일홍,10,가을,"불후, 불변",보라,팬지,쑥부쟁이
651,철쭉,5,봄,"정열, 명예",보라,히야신스,미가목
652,체리테시노 카네이션,6,여름,사랑과 존경,분홍,자나 장미,꽃아카시아나무꽃
653,초롱꽃,6,여름,"인도, 침묵",분홍,복숭아꽃,꽃담배
654,초롱꽃,7,여름,감사,보라,나도풍란,로미오 장미
655,초롱꽃,11,가을,성실,흰색,굿무드 장미,아스포델
656,층꽃나무꽃,10,가을,허무한 삶,보라,블랙뷰티 장미,팬지
657,치어플 장미,6,여름,당신을 응원해요,빨강,쉼머 장미,염색 튤립
658,카네이션,5,봄,"여성의 애정, 모정",빨강,익시아,패모
659,카네이션,6,여름,정열,빨강,익시아,패모
660,카라,10,가을,당신만한 여자는 없습니다,분홍,포드 소국,올리비노 카네이션
661,카랑코에,12,겨울,설렘,주황,목련,프루테토 장미
662,카렌듈라,10,가을,"이별의 슬픔, 겸손",주황,팬지,닭의장풀
663,카림보 카네이션,6,여름,사랑과 존경,주황,브루트 카네이션,카우보이 카네이션
664,카모밀레,2,겨울,"역경에 굴하지않는 강인
함",주황,올라야,레이스플라워
665,카오리 카네이션,6,여름,존경,분홍,겹헬레보러스,페어플로우 장미
666,카우보이 카네이션,6,여름,존경,주황,겹헬레보러스,아스틸베
667,카이사르 카네이션,6,여름,사랑과 존경,노랑,돌세토 장미,일세 장미
668,카틀레야,1,겨울,당신은 미인입니다.,분홍,딜레타 카네이션,피치팡팡 장미
669,카푸치노 장미,9,가을,첫사랑의 잔상,주황,티파니 장미,세일러문 해바라기
670,칸나,8,여름,"견실한 최후, 존경",빨강,블랙뷰티 장미,후크시아
671,칼라,10,가을,열혈,흰색,나무딸기꽃,프루테토 장미
672,칼라,11,가을,"환희, 열정",빨강,레이스플라워,오리엔탈 백합
673,칼랑코에,12,겨울,"인기, 설레임",분홍,라넌큘러스,펠리시티 장미
674,칼미아,2,겨울,커다란 희망,흰색,초롱꽃,레이스플라워
675,칼세올라리아,1,겨울,나의 재산을 드립니다.,노랑,버드푸드,캘리포니아퍼피
676,칼세올라리아,3,봄,도움,노랑,버드푸드,캘리포니아퍼피
677,캄파눌라,5,봄,상냥한 사람,보라,블랙뷰티 장미,팬지
678,캄파뉴 마트리카리아,5,봄,포기하지마세요,초록,산수국,현호색
679,캐롤라인 장미,6,여름,"갈망,존경",분홍,돌세토 장미,겹 알스트로메리아
680,캔들라이트 장미,6,여름,"존경, 순결",흰색,나무딸기꽃,프루테토 장미
681,캘리포니아퍼피,3,봄,희망,주황,목련,사이다 장미
682,컨트리블루스 장미,6,여름,잊을 수 없어요,분홍,큐트 카네이션,오리엔탈 백합
683,코랄리프 장미,9,가을,우리 함께 지내요,주황,팬지,닭의장풀
684,코마치 카네이션,6,여름,존경,분홍,펠리시티 장미,초롱꽃
685,코스모스,9,가을,소녀의 순정,분홍,큐트 카네이션,오리엔탈 백합
686,코와니,2,겨울,"순진, 순수",노랑,문골렘 카네이션,러블리 살몬 소국
687,코파카바나 카네이션,6,여름,존경,분홍,올라야,거베라
688,콜레우스,9,가을,사랑의 절망,빨강,블랙뷰티 장미,후크시아
689,콜롬비아 소국,9,가을,다양,분홍,수국,스프레이 델피늄
690,콜롬비아 수국,7,여름,"현명, 교만",보라,히야신스,은방울꽃
691,콩꽃,3,봄,반드시 오고야 말 행복,보라,웨스트민스터 애비 장미,피콜리니 거베라
692,퀵샌드 장미,6,여름,"편안함, 포근함",흰색,웨스트민스터 애비 장미,스타 체리테시노 카네이션
693,큐트 카네이션,6,여름,존경,분홍,사이다 장미,세일러문 해바라기
694,큐티걸 장미,6,여름,수줍음,주황,목련,프루테토 장미
695,큐티버블 소국,9,가을,귀여워 너,분홍,왁스플라워,펠리시티 장미
696,크로커스,1,겨울,"믿는 기쁨, 청춘의 기쁨",보라,히야신스,투구꽃
697,크리스마스로즈,12,겨울,추억,보라,금낭화,큐트 카네이션
698,큰금계국,7,여름,상쾌한 기분,주황,버드푸드,캘리포니아퍼피
699,클라란스 장미,6,여름,"수줍음, 첫사랑의 고백",주황,쉼머 장미,염색 튤립
700,클레마티스,5,봄,"고결, 아름다운 마음",보라,현호색,닭의장풀
701,클레마티스,9,가을,마음의 아름다움,보라,현호색,닭의장풀
702,타이쿤 장미,6,여름,수줍은 진심,주황,목련,프루테토 장미
703,태산목,5,봄,위엄,흰색,초롱꽃,사스레피나무꽃
704,탱고 카네이션,6,여름,사랑과 존경,분홍,핑크플로이드 장미,골렘 카네이션
705,털머위,11,가을,한결같은 마음,노랑,노랑수선화,캘리포니아퍼피
706,토끼풀,7,여름,"희망이 이뤄짐, 행운",흰색,복숭아꽃,바람꽃
707,토레니아,6,여름,가련한 욕망,보라,도라지,보라색라일락
708,토마토,6,여름,완성된 아름다움,노랑,산자고,로사넬라 장미
709,투구꽃,9,가을,밤의 열림,보라,히야신스,깽깽이풀
710,투베로즈,6,여름,위험한 쾌락,흰색,초롱꽃,사스레피나무꽃
711,툴루즈 카네이션,6,여름,존경,분홍,닭의장풀,슈퍼센세이션 장미
712,튜베로즈,6,여름,위험한 쾌락,노랑,카림보 카네이션,레이첼 장미
713,튤립,1,겨울,실연,빨강,큐트 카네이션,오리엔탈 백합
714,튤립,3,봄,영원한 애정,빨강,큐트 카네이션,오리엔탈 백합
715,튤립,4,봄,아름다운 눈동자,빨강,큐트 카네이션,오리엔탈 백합
716,트로피 장미,9,가을,애정,분홍,차밍레이스 장미,별튤립
717,트윙클브라이드 장미,6,여름,고마움,빨강,팬지,꽃아그배나무꽃
718,티에폴로푸시아 카네이션,6,여름,존경,분홍,큐트 카네이션,오리엔탈 백합
719,티파니 장미,6,여름,우리 함께 지내요,주황,무비스타 장미,알리움
720,파리다 카네이션,6,여름,존경,분홍,센토레아(수레국화),델피니움
721,파스타 거베라,9,가을,"수수께끼, 신비",빨강,브루트 카네이션,카우보이 카네이션
722,파스텔다마스커스 카네이션,6,여름,존경,분홍,아라비아의별,굿무드 장미
723,파스티니 거베라,4,봄,"수수께끼, 신비",빨강,쉼머 장미,염색 튤립
724,팔레놉시스(호접란),12,겨울,당신을 사랑합니다.,분홍,무스카리,데스티니 장미
725,팔로마 장미,6,여름,고백 성공,빨강,팬지,수선화
726,팔로마 카네이션,6,여름,사랑과 존경,흰색,아라비아의별,다마스커스 카네이션
727,팝아이 장미,6,여름,"순결, 순진",흰색,퀵샌드 장미,알테어 카네이션
728,패랭이꽃,5,봄,정절,흰색,초롱꽃,사스레피나무꽃
729,패랭이꽃,7,여름,사모,분홍,델피니움,포드 소국
730,패럿 튤립,1,겨울,사랑의 고백,주황,카우보이 카네이션,카림보 카네이션
731,패모,6,여름,위엄,빨강,익시아,레드팬써 장미
732,팬지,3,봄,"쾌활한 마음, 나를 생각해 주세요.",보라,야생화,당아욱
733,펄다이아몬드 장미,6,여름,순결,흰색,튜베로즈,무스카리
734,페르시아국화,4,봄,경쟁심,노랑,목련,프루테토 장미
735,페뷸러스 카네이션,6,여름,존경,빨강,팬지,일일초
736,페어플로우 장미,6,여름,변함없는 사랑,주황,겹헬레보러스,아스틸베
737,페튜니아,4,봄,사랑의 방해,보라,퀵샌드 장미,오리엔탈 백합
738,펜 오키드,4,봄,훌륭함,보라,깽깽이풀,매화
739,펠리시티 장미,2,겨울,숨겨온 마음,주황,일반 리시안셔스,왁스플라워
740,포드 소국,9,가을,밝은 마음,흰색,올리비노 카네이션,튜베로즈
741,포인세티아,12,겨울,"축복, 나의 마음은 불타고 있습니다.",빨강,버드푸드,노랑수선화
742,포인세티아,12,겨울,"축복, 나의 마음은 불타고 있습니다.",빨강,버드푸드,노랑수선화
743,포인세티아,12,겨울,"축복, 나의 마음은 불타고 있습니다.",빨강,버드푸드,노랑수선화
744,포인세티아,12,겨울,"축복, 나의 마음은 불타고 있습니다.",빨강,버드푸드,노랑수선화
745,포인세티아,12,겨울,"축복, 나의 마음은 불타고 있습니다.",빨강,버드푸드,노랑수선화
746,포인세티아,12,겨울,"축복, 나의 마음은 불타고 있습니다.",빨강,버드푸드,노랑수선화
747,포인세티아,12,겨울,"축복, 나의 마음은 불타고 있습니다.",빨강,버드푸드,노랑수선화
748,폴림니아 카네이션,6,여름,존경,노랑,맥문동,초롱꽃
749,폼폰 거베라,9,가을,"신비, 수수께끼",주황,올라야,레이스플라워
750,폼폰 라넌큘러스,4,봄,당신은 매력적입니다,빨강,수국,팔로마 카네이션
751,푸에고 장미,6,여름,상냥함,빨강,블랙뷰티 장미,후크시아
752,풍접초(클레오메),6,여름,불안정,분홍,염색 카네이션,딥실버 장미
753,프렌치매리골드,6,여름,냉혹한 사랑,주황,목련,사이다 장미
754,프론테라 카네이션,6,여름,존경,분홍,겹헬레보러스,페어플로우 장미
755,프루테토 장미,6,여름,사랑의 맹세,흰색,레이스플라워,하마다 카네이션
756,프리덤 장미,7,여름,사랑,빨강,익시아,패모
757,프리뮬러,1,겨울,소년시절의 희망,빨강,익시아,패모
758,프리스피릿 장미,6,여름,자유로움,주황,딜레타 카네이션,볼레로 카네이션
759,프리지아,2,겨울,"순결, 순진한 마음",노랑,팬지,미니 거베라
760,프리지아,3,봄,새로운 시작을 응원합니다,노랑,팬지,미니 거베라
761,프리지아,8,여름,순결,노랑,목련,사이다 장미
762,프리틸라리아 멜리그리스,4,봄,"겸손, 박해",보라,딜레타 카네이션,피치팡팡 장미
763,프리틸라리아 우바,4,봄,"겸손, 박해",초록,블랙뷰티 장미,꽃아그배나무꽃
764,프린세스크라운 장미,6,여름,설레임,분홍,겹헬레보러스,아스틸베
765,프린스 튤립,3,봄,영원한 애정,분홍,복숭아꽃,작약
766,프린지 튤립,4,봄,사랑의 고백,빨강,연령초,복숭아꽃
767,플록스,5,봄,내 가슴은 정열에 불타고 있습니다.,보라,히야신스,수선화
768,플록스,7,여름,온화,보라,히야신스,아잘레아
769,플록스,7,여름,"청춘의 기쁨, 열정",보라,히야신스,은방울꽃
770,피나물꽃,3,봄,보이는 것이 전부가 아닙니다.,노랑,논냉이,맥문동
771,피냐타선드랍스 카네이션,6,여름,사랑과 존경,노랑,빨간국화,헬리옵시스
772,피어리스,5,봄,함께 여행해요,노랑,수국,하마다 카네이션
773,피에스타 코마치 카네이션,6,여름,존경,노랑,미뉴에토 카네이션,겹 알스트로메리아
774,피에트 카네이션,6,여름,존경,빨강,쉼머 장미,염색 튤립
775,피치팡팡 장미,6,여름,행복한 사랑,주황,레이스플라워,별꽃
776,피칸토 장미,6,여름,귀여운 여인,주황,팬지,미니 거베라
777,피콜리니 거베라,9,가을,수수께끼,분홍,나무딸기꽃,세일러문 해바라기
778,핑크블로썸 장미,6,여름,행복한 사랑,분홍,돌세토 장미,겹 알스트로메리아
779,핑크아미 장미,6,여름,첫사랑,흰색,뻐꾹나리,부르트 장미
780,핑크익스프레션 장미,6,여름,사랑의 맹세,분홍,수국,팔로마 카네이션
781,핑크플로이드 장미,6,여름,사랑의 맹세,분홍,복주머니란(개불알꽃),골렘 카네이션
782,하늘나리,5,봄,"길들여지지 않음, 변치 않는 귀여움",빨강,버드푸드,노랑수선화
783,하늘나리,11,가을,장엄,빨강,버드푸드,노랑수선화
784,하늘매발톱,7,여름,부지런,보라,블랙뷰티 장미,팬지
785,하마다 카네이션,6,여름,사랑과 존경,주황,수국,올라야
786,하와이무궁화,8,여름,섬세한 아름다움,흰색,겹헬레보러스,페어플로우 장미
787,하이앤보니타 장미,6,여름,"갈망, 존경",분홍,하마다 카네이션,세일러문 해바라기
788,하이포시스오리어,8,여름,빛을 찾다,노랑,버드푸드,캘리포니아퍼피
789,하젤 장미,6,여름,"수줍음, 첫사랑의 고백",주황,나무딸기꽃,세일러문 해바라기
790,한련,9,가을,애국심,빨강,익시아,패모
791,한련화,4,봄,"애국심, 변덕",빨강,익시아,패모
792,해국,10,가을,침묵,보라,히야신스,수선화
793,해당화,5,봄,이끄시는대로,분홍,퀵샌드 장미,오리엔탈 백합
794,해당화,10,가을,이끄시는대로,분홍,퀵샌드 장미,오리엔탈 백합
795,해바라기,7,여름,애모,주황,목련,사이다 장미
796,해바라기,8,여름,아름다운 빛,주황,목련,사이다 장미
797,해바라기,8,여름,"동경, 숭배",노랑,목련,사이다 장미
798,해오라비난초,7,여름,꿈에서라도 만나고 싶다.,흰색,이응매,딥실버 장미
799,햇살 장미,6,여름,행복한 사랑,주황,포드 소국,올리비노 카네이션
800,헤라 장미,6,여름,행복한 사랑,분홍,캔들라이트 장미,맨스필드파크 장미
801,헤르메스옐로우 카네이션,6,여름,존경,노랑,논냉이,맥문동
802,헤르메스오렌지 카네이션,6,여름,존경,빨강,쉼머 장미,염색 튤립
803,헤르모사 장미,6,여름,사랑의 맹세,분홍,팬지,미니 거베라
804,헬레보러스,12,겨울,불안함을 진정시켜주세요,주황,티파니 장미,세일러문 해바라기
805,헬리오토로프,5,봄,사랑이여 영원하라,보라,문스톤 장미,스카비오사
806,헬리오트로프,9,가을,"성실, 헌신",보라,문스톤 장미,스카비오사
807,헬리옵시스,6,여름,추억,노랑,빨간국화,피냐타선드랍스 카네이션
808,현호색,3,봄,희소식,파랑,슈퍼센세이션 장미,염색 수국
809,협죽도,8,여름,위험,빨강,연령초,복숭아꽃
810,협죽도,11,가을,"주의, 방심은 금물",보라,깽깽이풀,매화
811,호랑이꽃,9,가을,나를 사랑해주세요,빨강,버드푸드,노랑수선화
812,호자나무꽃,12,겨울,공존,흰색,퀵샌드 장미,아라비아의별
813,호접란,12,겨울,행복이 찾아와요,노랑,돌세토 장미,일세 장미
814,홑 소국,9,가을,밝은 마음,초록,올리비노 카네이션,튜베로즈
815,황금싸리,11,가을,겸손,보라,이응매,스타 체리테시노 카네이션
816,황매화,3,봄,"숭고, 고귀, 왕성",노랑,논냉이,맥문동
817,황새냉이,2,겨울,그대에게 바친다,흰색,수국,스프레이 델피늄
818,황새냉이,3,봄,사무치는 그리움,흰색,수국,스프레이 델피늄
819,후크시아,12,겨울,선물,빨강,블랙뷰티 장미,은방울꽃
820,흑종초,3,봄,꿈길의 애정,파랑,현호색,말발도리
821,흰독말풀,10,가을,경애,흰색,이응매,딥실버 장미
822,흰색국화,10,가을,단정한 사랑,주황,데스티니 장미,하마다 카네이션
823,흰색나팔꽃,4,봄,넘치는 기쁨,흰색,팬지,무스카리
824,흰색동백,11,가을,비밀스런 사랑,흰색,복숭아꽃,바람꽃
825,흰색양귀비,7,여름,망각,흰색,복숭아꽃,바람꽃
826,흰색장미,7,여름,존경,흰색,이응매,딥실버 장미
827,흰앵초,3,봄,첫사랑,초록,웨스트민스터 애비 장미,설악초
828,흰제비꽃,1,겨울,순진무구한 사랑,흰색,팬지,무스카리
829,히아신스,3,봄,"마음의 기쁨, 승리",보라,블랙뷰티 장미,팬지
830,히야신스,1,겨울,차분한 사랑,보라,팬지,제비꽃
831,히어리,3,봄,봄의 노래,노랑,피치팡팡 장미,볼레로 카네이션
